Model,Eval F1 Macro,Eval Accuracy,Eval Precision,Eval Recall
DecisionTree,1.0,1.0,1.0,1.0
VotingClassifier,1.0,1.0,1.0,1.0
LightGBM,1.0,1.0,1.0,1.0
StackingClassifier,1.0,1.0,1.0,1.0
RandomForest,0.9927663734115347,0.9941860465116279,0.9946808510638298,0.9910714285714286
XGBoost,0.991992679020819,0.9941860465116279,0.9946808510638298,0.9895833333333334
MLP,0.9641451695023124,0.9709302325581395,0.9621374946374947,0.9664068183089922
LogisticRegression,0.9559901516423255,0.9651162790697675,0.9559901516423255,0.9559901516423255
SVM,0.938015873015873,0.9418604651162791,0.9400347459557985,0.9363074254378602
