Model,Eval F1 Macro,Eval Accuracy,Eval Precision,Eval Recall
XGBoost,1.0,1.0,1.0,1.0
VotingClassifier,1.0,1.0,1.0,1.0
LightGBM,1.0,1.0,1.0,1.0
DecisionTree,1.0,1.0,1.0,1.0
StackingClassifier,1.0,1.0,1.0,1.0
LogisticRegression,0.9917656868876381,0.9923664122137404,0.9957627118644068,0.9880952380952381
MLP,0.988903115663679,0.9923664122137404,0.9852941176470589,0.9930555555555556
SVM,0.988903115663679,0.9923664122137404,0.9852941176470589,0.9930555555555556
RandomForest,0.9832627118644068,0.9847328244274809,0.9916666666666667,0.9761904761904762
