Model,Eval F1 Macro,Eval Accuracy,Eval Precision,Eval Recall
VotingClassifier,0.999253594901827,0.9991356957649092,0.9989626556016598,0.9995471014492754
StackingClassifier,0.999253594901827,0.9991356957649092,0.9989626556016598,0.9995471014492754
DecisionTree,0.9985391995373847,0.9982713915298185,0.9979898929557454,0.9990942028985508
LightGBM,0.9985391995373847,0.9982713915298185,0.9979898929557454,0.9990942028985508
SVM,0.9985089350934928,0.9982713915298185,0.9979338842975207,0.9990942028985508
RandomForest,0.9977934550757857,0.9974070872947277,0.9974801637893537,0.9981176403985508
XGBoost,0.9977934550757857,0.9974070872947277,0.9974801637893537,0.9981176403985508
LogisticRegression,0.9970786520853259,0.996542783059637,0.9965027763429752,0.997664741847826
MLP,0.9952505478106164,0.996542783059637,0.9965642317591064,0.9939833829859727
