Model,Eval F1 Macro,Eval Accuracy,Eval Precision,Eval Recall
XGBoost,1.0,1.0,1.0,1.0
DecisionTree,1.0,1.0,1.0,1.0
LightGBM,1.0,1.0,1.0,1.0
VotingClassifier,0.9936490319398199,0.9941520467836257,0.9967532467532467,0.9907407407407407
StackingClassifier,0.9936490319398199,0.9941520467836257,0.9967532467532467,0.9907407407407407
MLP,0.9853462236370116,0.9883040935672515,0.991318464144551,0.9798711755233493
LogisticRegression,0.9788350538350539,0.9824561403508771,0.9881549609810479,0.9706119162640903
SVM,0.9721525996668312,0.9766081871345029,0.9850715465052283,0.961352657004831
RandomForest,0.969188231123715,0.9707602339181286,0.981906989543203,0.9596734892787524
